Workbook

Sheet DASHBOARD
A1: TRUST EXCEL · TRUST CORPORATION
A2: Painel OKR & Hábitos
A3: Atingimento por ritmo · burndown · consistência
B5: PROGRESSO MÉDIO | D5: OKRS NO RITMO | F5: OKRS EM RISCO | H5: CONSISTÊNCIA HÁB. | J5: OBJETIVOS
B6: =Z40 -> 0.49613095 | D6: =Z41 -> 3 | F6: =Z42 -> 0 | H6: =Z43 -> 0.66666667 | J6: =Z44 -> 4
B9: =IF(Z40>0.8,"🟢 Ótimo progresso geral.","🟡 Foco nas pendências para bater as metas.") -> 🟡 Foco nas pendências para bater as metas.
B11: GAP DOS OKRs (Soma) | F11: PROGRESSO INDIVIDUAL
B12: Etapa | C12: Base | D12: Alta | E12: Baixa | F12: Total | G12: Δ
B13: Meta total | C13: 0 | D13: =IF(G13>=0,G13,0) -> 75012 | E13: =IF(G13<0,-G13,0) -> 0 | F13: =G13 -> 75012 | G13: =SUM(OKRS!C6:C9) -> 75012
B14: − Já feito | C14: =IF(G14>=0,F13,F13+G14) -> 27205 | D14: =IF(G14>=0,G14,0) -> 0 | E14: =IF(G14<0,-G14,0) -> 47807 | F14: =F13+G14 -> 27205 | G14: =-SUM(OKRS!D6:D9) -> -47807
B15: Gap | C15: 0 | D15: =IF(G15>=0,G15,0) -> 27205 | E15: =IF(G15<0,-G15,0) -> 0 | F15: =G15 -> 27205 | G15: =SUM(OKRS!C6:C9)-SUM(OKRS!D6:D9) -> 27205
B25: MINI-SPARKLINES | H25: SPARK POR OKR
B26: Indicador | C26: Atual | D26: S1 | E26: S2 | F26: S3 | G26: S4 | H26: Ponto | I26: Valor | J26: Spark
B27: Progresso % | C27: =$Z$40*100 -> 49.613095 | D27: 20 | E27: 28 | F27: 35 | G27: 42 | H27: OKR1 | I27: =OKRS!E6*100 -> 51.785714 | J27: =IF(OR(I27="",NOT(ISNUMBER(I27))),"",REPT("▬",MAX(1,ROUND((I27-(MIN(I27:I30)))/MAX(0.000000001,(MAX(I27:I30))-(MIN(I27:I30)))*10,0)))) -> ▬▬▬▬▬▬
B28: No ritmo | C28: =$Z$41 -> 3 | D28: 1 | E28: 2 | F28: 3 | G28: 4 | H28: OKR2 | I28: =OKRS!E7*100 -> 48.333333 | J28: =IF(OR(I28="",NOT(ISNUMBER(I28))),"",REPT("▬",MAX(1,ROUND((I28-(MIN(I27:I30)))/MAX(0.000000001,(MAX(I27:I30))-(MIN(I27:I30)))*10,0)))) -> ▬▬▬▬▬
B29: Hábitos % | C29: =$Z$43*100 -> 66.666667 | D29: 40 | E29: 48 | F29: 55 | G29: 60 | H29: OKR3 | I29: =OKRS!E8*100 -> 40 | J29: =IF(OR(I29="",NOT(ISNUMBER(I29))),"",REPT("▬",MAX(1,ROUND((I29-(MIN(I27:I30)))/MAX(0.000000001,(MAX(I27:I30))-(MIN(I27:I30)))*10,0)))) -> ▬
H30: OKR4 | I30: =OKRS!E9*100 -> 58.333333 | J30: =IF(OR(I30="",NOT(ISNUMBER(I30))),"",REPT("▬",MAX(1,ROUND((I30-(MIN(I27:I30)))/MAX(0.000000001,(MAX(I27:I30))-(MIN(I27:I30)))*10,0)))) -> ▬▬▬▬▬▬▬▬▬▬
Z40: =AVERAGE(OKRS!E6:E9) -> 0.49613095
Z41: =COUNTIF(OKRS!H6:H9,"🟢 no ritmo") -> 3
Z42: =COUNTIF(OKRS!H6:H9,"🔴 fora do ritmo") -> 0
Z43: =AVERAGE(HABITOS!I6:I8) -> 0.66666667
Z44: =COUNTA(OKRS!A6:A9) -> 4

Sheet OKRS
A1: TRUST EXCEL · TRUST CORPORATION
A2: OKRs e Hábitos
A3: Acompanhamento por ritmo e consistência
A5: Objetivo / KR | B5: Baseline | C5: Meta | D5: Atual | E5: % Progr. | F5: Prazo | G5: Ritmo/dia | H5: Previsão
A6: Faturar R$ 40k/mês | B6: 12000 | C6: 40000 | D6: 26500 | E6: =IFERROR((D6-B6)/(C6-B6),0) -> 0.51785714 | F6: 46375 | G6: =IFERROR((D6-B6)/40,0) -> 362.5 | H6: =IF((D6+G6*(F6-TODAY()))>=C6,"🟢 no ritmo",IF((D6+G6*(F6-TODAY()))>=C6*0.8,"🟡 risco","🔴 fora do ritmo")) -> 🟢 no ritmo
A7: Reserva emergência | B7: 0 | C7: 30000 | D7: 14500 | E7: =IFERROR((D7-B7)/(C7-B7),0) -> 0.48333333 | F7: 46345 | G7: =IFERROR((D7-B7)/40,0) -> 362.5 | H7: =IF((D7+G7*(F7-TODAY()))>=C7,"🟢 no ritmo",IF((D7+G7*(F7-TODAY()))>=C7*0.8,"🟡 risco","🔴 fora do ritmo")) -> 🟢 no ritmo
A8: Reduzir custo fixo | B8: 8000 | C8: 5000 | D8: 6800 | E8: =IFERROR((D8-B8)/(C8-B8),0) -> 0.4 | F8: 46315 | G8: =IFERROR((D8-B8)/40,0) -> -30 | H8: =IF((D8+G8*(F8-TODAY()))>=C8,"🟢 no ritmo",IF((D8+G8*(F8-TODAY()))>=C8*0.8,"🟡 risco","🔴 fora do ritmo")) -> 🟡 risco
A9: Fechar 12 contratos | B9: 0 | C9: 12 | D9: 7 | E9: =IFERROR((D9-B9)/(C9-B9),0) -> 0.58333333 | F9: 46385 | G9: =IFERROR((D9-B9)/40,0) -> 0.175 | H9: =IF((D9+G9*(F9-TODAY()))>=C9,"🟢 no ritmo",IF((D9+G9*(F9-TODAY()))>=C9*0.8,"🟡 risco","🔴 fora do ritmo")) -> 🟢 no ritmo

Sheet HABITOS
A1: TRUST EXCEL · TRUST CORPORATION
A2: Hábitos
A3: Marque 1 para feito
A5: Hábito | B5: Seg | C5: Ter | D5: Qua | E5: Qui | F5: Sex | G5: Sáb | H5: Dom | I5: % Sem. | J5: Status
A6: Treino | B6: 1 | C6: 1 | D6: 0 | E6: 1 | F6: 1 | G6: 0 | H6: 1 | I6: =COUNTIF(B6:H6,1)/7 -> 0.71428571 | J6: =IF(I6>=0.8,"🔥 forte","⚠ frágil") -> ⚠ frágil
A7: Leitura | B7: 1 | C7: 0 | D7: 1 | E7: 1 | F7: 0 | G7: 1 | H7: 1 | I7: =COUNTIF(B7:H7,1)/7 -> 0.71428571 | J7: =IF(I7>=0.8,"🔥 forte","⚠ frágil") -> ⚠ frágil
A8: Prospecção | B8: 1 | C8: 1 | D8: 1 | E8: 0 | F8: 1 | G8: 0 | H8: 0 | I8: =COUNTIF(B8:H8,1)/7 -> 0.57142857 | J8: =IF(I8>=0.8,"🔥 forte","⚠ frágil") -> ⚠ frágil
