Workbook

Sheet DASHBOARD
A1: TRUST EXCEL · TRUST CORPORATION
A2: Cockpit de Produtividade
A3: Throughput · WIP · alertas de bloqueio
B5: BACKLOG | D5: WIP (FAZENDO) | F5: FEITAS | H5: CYCLE TIME | J5: EM ALERTA
B6: =Z40 -> 1 | D6: =Z41 -> 1 | F6: =Z42 -> 1 | H6: =Z43 -> 6 | J6: =Z45 -> 2
B9: =IF(Z41>3,"🟠 WIP alto — termine antes de puxar mais.",IF(Z45>0,"🔴 Há tarefas bloqueadas/envelhecidas — atue.","🟢 Fluxo contínuo saudável.")) -> 🔴 Há tarefas bloqueadas/envelhecidas — atue.
B11: CASCATA DE CARGA | F11: STATUS
B12: Etapa | C12: Base | D12: Alta | E12: Baixa | F12: Total | G12: Δ | R12: A fazer | S12: =COUNTIF(TAREFAS!D:D,R12) -> 1
B13: A fazer | C13: 0 | D13: =IF(G13>=0,G13,0) -> 1 | E13: =IF(G13<0,-G13,0) -> 0 | F13: =G13 -> 1 | G13: =$Z$40 -> 1 | R13: Fazendo | S13: =COUNTIF(TAREFAS!D:D,R13) -> 1
B14: + WIP | C14: =IF(G14>=0,F13,F13+G14) -> 1 | D14: =IF(G14>=0,G14,0) -> 1 | E14: =IF(G14<0,-G14,0) -> 0 | F14: =F13+G14 -> 2 | G14: =$Z$41 -> 1 | R14: Feito | S14: =COUNTIF(TAREFAS!D:D,R14) -> 1
B15: − Feitas | C15: =IF(G15>=0,F14,F14+G15) -> 1 | D15: =IF(G15>=0,G15,0) -> 0 | E15: =IF(G15<0,-G15,0) -> 1 | F15: =F14+G15 -> 1 | G15: =-$Z$42 -> -1
B16: Carga | C16: 0 | D16: =IF(G16>=0,G16,0) -> 1 | E16: =IF(G16<0,-G16,0) -> 0 | F16: =G16 -> 1 | G16: =$Z$40+$Z$41-$Z$42 -> 1
B25: MINI-SPARKLINES | H25: SPARK BURNDOWN
B26: Indicador | C26: Atual | D26: S1 | E26: S2 | F26: S3 | G26: S4 | H26: Ponto | I26: Valor | J26: Spark
B27: WIP | C27: =$Z$41 -> 1 | D27: 1 | E27: 2 | F27: 3 | G27: 4 | H27: D1 | I27: =BURNDOWN!C6 -> 20 | J27: =IF(OR(I27="",NOT(ISNUMBER(I27))),"",REPT("▬",MAX(1,ROUND((I27-(MIN(I27:I33)))/MAX(0.000000001,(MAX(I27:I33))-(MIN(I27:I33)))*10,0)))) -> ▬▬▬▬▬▬▬▬▬▬
B28: Cycle time | C28: =$Z$43 -> 6 | D28: 8 | E28: 7 | F28: 6.5 | G28: 6 | H28: D2 | I28: =BURNDOWN!C7 -> 18 | J28: =IF(OR(I28="",NOT(ISNUMBER(I28))),"",REPT("▬",MAX(1,ROUND((I28-(MIN(I27:I33)))/MAX(0.000000001,(MAX(I27:I33))-(MIN(I27:I33)))*10,0)))) -> ▬▬▬▬▬▬▬▬▬
B29: Alertas | C29: =$Z$45 -> 2 | D29: 5 | E29: 4 | F29: 3 | G29: 3 | H29: D3 | I29: =BURNDOWN!C8 -> 17 | J29: =IF(OR(I29="",NOT(ISNUMBER(I29))),"",REPT("▬",MAX(1,ROUND((I29-(MIN(I27:I33)))/MAX(0.000000001,(MAX(I27:I33))-(MIN(I27:I33)))*10,0)))) -> ▬▬▬▬▬▬▬▬
H30: D4 | I30: =BURNDOWN!C9 -> 13 | J30: =IF(OR(I30="",NOT(ISNUMBER(I30))),"",REPT("▬",MAX(1,ROUND((I30-(MIN(I27:I33)))/MAX(0.000000001,(MAX(I27:I33))-(MIN(I27:I33)))*10,0)))) -> ▬▬▬▬▬▬
H31: D5 | I31: =BURNDOWN!C10 -> 11 | J31: =IF(OR(I31="",NOT(ISNUMBER(I31))),"",REPT("▬",MAX(1,ROUND((I31-(MIN(I27:I33)))/MAX(0.000000001,(MAX(I27:I33))-(MIN(I27:I33)))*10,0)))) -> ▬▬▬▬
H32: D6 | I32: =BURNDOWN!C11 -> 7 | J32: =IF(OR(I32="",NOT(ISNUMBER(I32))),"",REPT("▬",MAX(1,ROUND((I32-(MIN(I27:I33)))/MAX(0.000000001,(MAX(I27:I33))-(MIN(I27:I33)))*10,0)))) -> ▬▬
H33: D7 | I33: =BURNDOWN!C12 -> 4 | J33: =IF(OR(I33="",NOT(ISNUMBER(I33))),"",REPT("▬",MAX(1,ROUND((I33-(MIN(I27:I33)))/MAX(0.000000001,(MAX(I27:I33))-(MIN(I27:I33)))*10,0)))) -> ▬
Z40: =COUNTIF(TAREFAS!D:D,"A fazer") -> 1
Z41: =COUNTIF(TAREFAS!D:D,"Fazendo") -> 1
Z42: =COUNTIF(TAREFAS!D:D,"Feito") -> 1
Z43: =IFERROR(AVERAGE(TAREFAS!G6:G156),0) -> 6
Z45: =SUMPRODUCT(--ISNUMBER(SEARCH("⚠",TAREFAS!I6:I156))) -> 2

Sheet TAREFAS
A1: TRUST EXCEL · TRUST CORPORATION
A2: Tarefas
A3: Fluxo, cycle time e alertas
A5: Tarefa | B5: Responsável | C5: Prioridade | D5: Status | E5: Início | F5: Entrega | G5: Cycle (d) | H5: Idade (d) | I5: Alerta
A6: Proposta | B6: Flávio | C6: Alta | D6: Fazendo | E6: 46220 | G6: =IF(AND(D6="Feito",E6<>"",F6<>""),F6-E6,"") | H6: =IF(OR(D6="Feito",E6=""),"",TODAY()-E6) -> 17 | I6: =IF(D6="Feito","",IF(H6="","",IF(H6>7,"⚠ atraso",""))) -> ⚠ atraso
A7: Relatório | B7: Ana | C7: Média | D7: A fazer | E7: 46223 | G7: =IF(AND(D7="Feito",E7<>"",F7<>""),F7-E7,"") | H7: =IF(OR(D7="Feito",E7=""),"",TODAY()-E7) -> 14 | I7: =IF(D7="Feito","",IF(H7="","",IF(H7>7,"⚠ atraso",""))) -> ⚠ atraso
A8: Bugfix | B8: Dev | C8: Alta | D8: Feito | E8: 46217 | F8: 46223 | G8: =IF(AND(D8="Feito",E8<>"",F8<>""),F8-E8,"") -> 6 | H8: =IF(OR(D8="Feito",E8=""),"",TODAY()-E8) | I8: =IF(D8="Feito","",IF(H8="","",IF(H8>7,"⚠ atraso","")))
G9: =IF(AND(D9="Feito",E9<>"",F9<>""),F9-E9,"") | H9: =IF(OR(D9="Feito",E9=""),"",TODAY()-E9) | I9: =IF(D9="Feito","",IF(H9="","",IF(H9>7,"⚠ atraso","")))
G10: =IF(AND(D10="Feito",E10<>"",F10<>""),F10-E10,"") | H10: =IF(OR(D10="Feito",E10=""),"",TODAY()-E10) | I10: =IF(D10="Feito","",IF(H10="","",IF(H10>7,"⚠ atraso","")))
G11: =IF(AND(D11="Feito",E11<>"",F11<>""),F11-E11,"") | H11: =IF(OR(D11="Feito",E11=""),"",TODAY()-E11) | I11: =IF(D11="Feito","",IF(H11="","",IF(H11>7,"⚠ atraso","")))
G12: =IF(AND(D12="Feito",E12<>"",F12<>""),F12-E12,"") | H12: =IF(OR(D12="Feito",E12=""),"",TODAY()-E12) | I12: =IF(D12="Feito","",IF(H12="","",IF(H12>7,"⚠ atraso","")))
G13: =IF(AND(D13="Feito",E13<>"",F13<>""),F13-E13,"") | H13: =IF(OR(D13="Feito",E13=""),"",TODAY()-E13) | I13: =IF(D13="Feito","",IF(H13="","",IF(H13>7,"⚠ atraso","")))
G14: =IF(AND(D14="Feito",E14<>"",F14<>""),F14-E14,"") | H14: =IF(OR(D14="Feito",E14=""),"",TODAY()-E14) | I14: =IF(D14="Feito","",IF(H14="","",IF(H14>7,"⚠ atraso","")))
G15: =IF(AND(D15="Feito",E15<>"",F15<>""),F15-E15,"") | H15: =IF(OR(D15="Feito",E15=""),"",TODAY()-E15) | I15: =IF(D15="Feito","",IF(H15="","",IF(H15>7,"⚠ atraso","")))
G16: =IF(AND(D16="Feito",E16<>"",F16<>""),F16-E16,"") | H16: =IF(OR(D16="Feito",E16=""),"",TODAY()-E16) | I16: =IF(D16="Feito","",IF(H16="","",IF(H16>7,"⚠ atraso","")))
G17: =IF(AND(D17="Feito",E17<>"",F17<>""),F17-E17,"") | H17: =IF(OR(D17="Feito",E17=""),"",TODAY()-E17) | I17: =IF(D17="Feito","",IF(H17="","",IF(H17>7,"⚠ atraso","")))
G18: =IF(AND(D18="Feito",E18<>"",F18<>""),F18-E18,"") | H18: =IF(OR(D18="Feito",E18=""),"",TODAY()-E18) | I18: =IF(D18="Feito","",IF(H18="","",IF(H18>7,"⚠ atraso","")))
G19: =IF(AND(D19="Feito",E19<>"",F19<>""),F19-E19,"") | H19: =IF(OR(D19="Feito",E19=""),"",TODAY()-E19) | I19: =IF(D19="Feito","",IF(H19="","",IF(H19>7,"⚠ atraso","")))
G20: =IF(AND(D20="Feito",E20<>"",F20<>""),F20-E20,"") | H20: =IF(OR(D20="Feito",E20=""),"",TODAY()-E20) | I20: =IF(D20="Feito","",IF(H20="","",IF(H20>7,"⚠ atraso","")))
... G156: =IF(AND(D156="Feito",E156<>"",F156<>""),F156-E156,"") | H156: =IF(OR(D156="Feito",E156=""),"",TODAY()-E156) | I156: =IF(D156="Feito","",IF(H156="","",IF(H156>7,"⚠ atraso","")))

Sheet BURNDOWN
A1: TRUST EXCEL · TRUST CORPORATION
A2: Burndown
A3: Ideal x real
A5: Dia | B5: Ideal | C5: Real
A6: D1 | B6: 20 | C6: 20
A7: D2 | B7: 17 | C7: 18
A8: D3 | B8: 14 | C8: 17
A9: D4 | B9: 11 | C9: 13
A10: D5 | B10: 8 | C10: 11
A11: D6 | B11: 5 | C11: 7
A12: D7 | B12: 2 | C12: 4
