Workbook

Sheet RESUMO
A1: Trust Excel · Kanban Resumo
A2: Contadores automáticos da operação
A4: A fazer | B4: =COUNTIF(TAREFAS!D:D,"A fazer")
A5: Fazendo | B5: =COUNTIF(TAREFAS!D:D,"Fazendo")
A6: Feito | B6: =COUNTIF(TAREFAS!D:D,"Feito")
A7: Atrasadas agora | B7: =COUNTIFS(TAREFAS!D:D,"<>Feito",TAREFAS!E:E,"<"&TODAY())
A8: Feitas na semana | B8: =COUNTIFS(TAREFAS!D:D,"Feito",TAREFAS!G:G,">="&TODAY()-WEEKDAY(TODAY(),2)+1)
A9: WIP (Fazendo) — limite sugerido: 3 | B9: =IF(B5>3,"⚠ Acima do limite","✓ Dentro do limite")
A12: Regra de ouro: no máximo 3 tarefas em Fazendo. Se a 4ª quiser entrar, uma tem que sair.

Sheet TAREFAS
A1: Trust Excel · Gestão de Tarefas (Kanban)
A2: Status, prioridade e atraso automático
A4: Tarefa | B4: Responsável | C4: Prioridade | D4: Status | E4: Prazo | F4: Alerta | G4: Data conclusão | H4: Notas
A5: Enviar proposta Cliente A | B5: Flávio | C5: Alta | D5: Fazendo | E5: 46224 | F5: =IF(A5="","",IF(D5="Feito","",IF(E5<TODAY(),"ATRASADA",IF(E5=TODAY(),"HOJE","")))) | H5: Aguardando escopo final
A6: Fechar conciliação financeira | B6: Ana | C6: Alta | D6: A fazer | E6: 46226 | F6: =IF(A6="","",IF(D6="Feito","",IF(E6<TODAY(),"ATRASADA",IF(E6=TODAY(),"HOJE",""))))
A7: Publicar campanha Insta | B7: Time MKT | C7: Média | D7: A fazer | E7: 46228 | F7: =IF(A7="","",IF(D7="Feito","",IF(E7<TODAY(),"ATRASADA",IF(E7=TODAY(),"HOJE",""))))
A8: Revisar contratos abertos | B8: Jurídico | C8: Alta | D8: Fazendo | E8: 46225 | F8: =IF(A8="","",IF(D8="Feito","",IF(E8<TODAY(),"ATRASADA",IF(E8=TODAY(),"HOJE",""))))
A9: Organizar pipeline CRM | B9: Comercial | C9: Média | D9: Feito | E9: 46223 | F9: =IF(A9="","",IF(D9="Feito","",IF(E9<TODAY(),"ATRASADA",IF(E9=TODAY(),"HOJE","")))) | G9: 46223
A10: Preparar relatório semanal | B10: Ops | C10: Baixa | D10: A fazer | E10: 46229 | F10: =IF(A10="","",IF(D10="Feito","",IF(E10<TODAY(),"ATRASADA",IF(E10=TODAY(),"HOJE",""))))
A11: Cobrar inadimplentes top 5 | B11: Financeiro | C11: Alta | D11: A fazer | E11: 46222 | F11: =IF(A11="","",IF(D11="Feito","",IF(E11<TODAY(),"ATRASADA",IF(E11=TODAY(),"HOJE","")))) | H11: Usar planilha de cobranças
F12: =IF(A12="","",IF(D12="Feito","",IF(E12<TODAY(),"ATRASADA",IF(E12=TODAY(),"HOJE",""))))
F13: =IF(A13="","",IF(D13="Feito","",IF(E13<TODAY(),"ATRASADA",IF(E13=TODAY(),"HOJE",""))))
F14: =IF(A14="","",IF(D14="Feito","",IF(E14<TODAY(),"ATRASADA",IF(E14=TODAY(),"HOJE",""))))
F15: =IF(A15="","",IF(D15="Feito","",IF(E15<TODAY(),"ATRASADA",IF(E15=TODAY(),"HOJE",""))))
F16: =IF(A16="","",IF(D16="Feito","",IF(E16<TODAY(),"ATRASADA",IF(E16=TODAY(),"HOJE",""))))
F17: =IF(A17="","",IF(D17="Feito","",IF(E17<TODAY(),"ATRASADA",IF(E17=TODAY(),"HOJE",""))))
F18: =IF(A18="","",IF(D18="Feito","",IF(E18<TODAY(),"ATRASADA",IF(E18=TODAY(),"HOJE",""))))
F19: =IF(A19="","",IF(D19="Feito","",IF(E19<TODAY(),"ATRASADA",IF(E19=TODAY(),"HOJE",""))))
F20: =IF(A20="","",IF(D20="Feito","",IF(E20<TODAY(),"ATRASADA",IF(E20=TODAY(),"HOJE",""))))
F21: =IF(A21="","",IF(D21="Feito","",IF(E21<TODAY(),"ATRASADA",IF(E21=TODAY(),"HOJE",""))))
F22: =IF(A22="","",IF(D22="Feito","",IF(E22<TODAY(),"ATRASADA",IF(E22=TODAY(),"HOJE",""))))
F23: =IF(A23="","",IF(D23="Feito","",IF(E23<TODAY(),"ATRASADA",IF(E23=TODAY(),"HOJE",""))))
... F79: =IF(A79="","",IF(D79="Feito","",IF(E79<TODAY(),"ATRASADA",IF(E79=TODAY(),"HOJE",""))))
