Workbook

Sheet DASHBOARD
A1: TRUST EXCEL · TRUST CORPORATION
A2: BI Executivo do Negócio
A3: MRR · churn · CAC · LTV
B5: MRR ATUAL | D5: CRESCIMENTO M/M | F5: CHURN | H5: CAC | J5: LTV / CAC
B6: =Z40 -> 41200 | D6: =Z41 -> 0.15730337 | F6: =Z42 -> 0.054054054 | H6: =Z43 -> 309.09091 | J6: =Z45 -> 19.392353
B9: =CONCATENATE("Leitura: MRR crescendo ",TEXT(Z41,"0.0%")," com LTV/CAC de ",TEXT(Z45,"0.0"),"x. ",IF(Z45>=3,"Motor de aquisição saudável — escale.","Atenção na eficiência do CAC ou retenção.")) -> Leitura: MRR crescendo 16% com LTV/CAC de 19x. Motor de aquisição saudável — escale.
B11: CASCATA MRR (bridge) | F11: EVOLUÇÃO DO MRR
B12: Etapa | C12: Base | D12: Alta | E12: Baixa | F12: Total | G12: Δ
B13: MRR Ant. | C13: 0 | D13: =IF(G13>=0,G13,0) -> 35600 | E13: =IF(G13<0,-G13,0) -> 0 | F13: =G13 -> 35600 | G13: =INDEX(DADOS_MENSAIS!E:E,10) -> 35600
B14: + Exp. | C14: =IF(G14>=0,F13,F13+G14) -> 35600 | D14: =IF(G14>=0,G14,0) -> 5600 | E14: =IF(G14<0,-G14,0) -> 0 | F14: =F13+G14 -> 41200 | G14: =MAX(0,INDEX(DADOS_MENSAIS!E:E,11)-INDEX(DADOS_MENSAIS!E:E,10)) -> 5600
B15: − Contr. | C15: =IF(G15>=0,F14,F14+G15) -> 41200 | D15: =IF(G15>=0,G15,0) -> 0 | E15: =IF(G15<0,-G15,0) -> 0 | F15: =F14+G15 -> 41200 | G15: =MIN(0,INDEX(DADOS_MENSAIS!E:E,11)-INDEX(DADOS_MENSAIS!E:E,10)) -> 0
B16: MRR Atual | C16: 0 | D16: =IF(G16>=0,G16,0) -> 41200 | E16: =IF(G16<0,-G16,0) -> 0 | F16: =G16 -> 41200 | G16: =$Z$40 -> 41200
B25: MINI-SPARKLINES | H25: SPARK MRR
B26: Indicador | C26: Atual | D26: S1 | E26: S2 | F26: S3 | G26: S4 | H26: Ponto | I26: Valor | J26: Spark
B27: MRR | C27: =$Z$40 -> 41200 | D27: 18000 | E27: 22400 | F27: 27200 | G27: 30100 | H27: M1 | I27: =DADOS_MENSAIS!E6 -> 18000 | J27: =IF(OR(I27="",NOT(ISNUMBER(I27))),"",REPT("▬",MAX(1,ROUND((I27-(MIN(I27:I32)))/MAX(0.000000001,(MAX(I27:I32))-(MIN(I27:I32)))*10,0)))) -> ▬
B28: Churn % | C28: =$Z$42*100 -> 5.4054054 | D28: 5 | E28: 4.5 | F28: 4.2 | G28: 4 | H28: M2 | I28: =DADOS_MENSAIS!E7 -> 22400 | J28: =IF(OR(I28="",NOT(ISNUMBER(I28))),"",REPT("▬",MAX(1,ROUND((I28-(MIN(I27:I32)))/MAX(0.000000001,(MAX(I27:I32))-(MIN(I27:I32)))*10,0)))) -> ▬▬
B29: LTV/CAC | C29: =$Z$45 -> 19.392353 | D29: 8 | E29: 12 | F29: 15 | G29: 20 | H29: M3 | I29: =DADOS_MENSAIS!E8 -> 27200 | J29: =IF(OR(I29="",NOT(ISNUMBER(I29))),"",REPT("▬",MAX(1,ROUND((I29-(MIN(I27:I32)))/MAX(0.000000001,(MAX(I27:I32))-(MIN(I27:I32)))*10,0)))) -> ▬▬▬▬
H30: M4 | I30: =DADOS_MENSAIS!E9 -> 30100 | J30: =IF(OR(I30="",NOT(ISNUMBER(I30))),"",REPT("▬",MAX(1,ROUND((I30-(MIN(I27:I32)))/MAX(0.000000001,(MAX(I27:I32))-(MIN(I27:I32)))*10,0)))) -> ▬▬▬▬▬
H31: M5 | I31: =DADOS_MENSAIS!E10 -> 35600 | J31: =IF(OR(I31="",NOT(ISNUMBER(I31))),"",REPT("▬",MAX(1,ROUND((I31-(MIN(I27:I32)))/MAX(0.000000001,(MAX(I27:I32))-(MIN(I27:I32)))*10,0)))) -> ▬▬▬▬▬▬▬▬
H32: M6 | I32: =DADOS_MENSAIS!E11 -> 41200 | J32: =IF(OR(I32="",NOT(ISNUMBER(I32))),"",REPT("▬",MAX(1,ROUND((I32-(MIN(I27:I32)))/MAX(0.000000001,(MAX(I27:I32))-(MIN(I27:I32)))*10,0)))) -> ▬▬▬▬▬▬▬▬▬▬
Z40: =INDEX(DADOS_MENSAIS!E:E,11) -> 41200
Z41: =IFERROR(INDEX(DADOS_MENSAIS!E:E,11)/INDEX(DADOS_MENSAIS!E:E,10)-1,0) -> 0.15730337
Z42: =IFERROR(INDEX(DADOS_MENSAIS!C:C,11)/INDEX(DADOS_MENSAIS!D:D,10),0) -> 0.054054054
Z43: =IFERROR(INDEX(DADOS_MENSAIS!F:F,11)/INDEX(DADOS_MENSAIS!B:B,11),0) -> 309.09091
Z44: =IFERROR(INDEX(DADOS_MENSAIS!H:H,11)/MAX(Z42,0.01),0) -> 5994
Z45: =IFERROR(Z44/Z43,0) -> 19.392353

Sheet DADOS_MENSAIS
A1: TRUST EXCEL · TRUST CORPORATION
A2: Dados Mensais
A3: Preencha para alimentar o BI
A5: Mês | B5: Novos cl. | C5: Cancelados | D5: Cl. ativos | E5: MRR | F5: Mkt/Vendas | G5: OpEx | H5: Ticket
A6: M1 | B6: 12 | C6: 2 | D6: 60 | E6: 18000 | F6: 4200 | G6: 9000 | H6: 300
A7: M2 | B7: 15 | C7: 3 | D7: 72 | E7: 22400 | F7: 4800 | G7: 9800 | H7: 311
A8: M3 | B8: 18 | C8: 4 | D8: 86 | E8: 27200 | F8: 5200 | G8: 10500 | H8: 316
A9: M4 | B9: 14 | C9: 5 | D9: 95 | E9: 30100 | F9: 5000 | G9: 11000 | H9: 317
A10: M5 | B10: 20 | C10: 4 | D10: 111 | E10: 35600 | F10: 6100 | G10: 12000 | H10: 321
A11: M6 | B11: 22 | C11: 6 | D11: 127 | E11: 41200 | F11: 6800 | G11: 12800 | H11: 324
