Workbook

Sheet DASHBOARD
A1: TRUST EXCEL · TRUST CORPORATION
A2: Trust Cohort
A3: Matriz de safras · retenção · saúde do produto
B5: RETENÇÃO M1 (MÉDIA) | D5: RETENÇÃO M6 (MÉDIA) | F5: QUEDA INICIAL (M0→M1) | H5: MELHOR SAFRA (M1) | J5: RECORDE RETENÇÃO M1
B6: =Z40 -> 0.89132997 | D6: =Z41 -> 0.64549495 | F6: =Z44 -> 0.10867003 | H6: =Z42 -> Jun | J6: =Z43 -> 0.925
B9: =IF(Z40>0.8,"🟢 Ótima retenção no 1º mês. Produto tem fit. Escalar aquisição.",IF(Z40>0.6,"🟡 Queda inicial moderada. Melhore onboarding ou perfil de cliente.","🔴 Churn alto. Produto furado (leaky bucket). Congele aquisição e foque no produto.")) -> 🟢 Ótima retenção no 1º mês. Produto tem fit. Escalar aquisição.
B11: HEAT MAP DE RETENÇÃO (Até M6) | J11: CASCATA DE EVASÃO MÉDIA
B12: Safra | C12: M1 | D12: M2 | E12: M3 | F12: M4 | G12: M5 | H12: M6 | J12: Etapa | K12: Base | L12: Alta | M12: Baixa | N12: Total | O12: Δ
B13: =SAFRAS!A16 -> Jan | C13: =SAFRAS!B16 -> 0.85 | D13: =SAFRAS!C16 -> 0.75 | E13: =SAFRAS!D16 -> 0.7 | F13: =SAFRAS!E16 -> 0.65 | G13: =SAFRAS!F16 -> 0.6 | H13: =SAFRAS!G16 -> 0.58 | J13: Base (M0) | K13: 0 | L13: =IF(O13>=0,O13,0) -> 1 | M13: =IF(O13<0,-O13,0) -> 0 | N13: =O13 -> 1 | O13: =$Z$50 -> 1
B14: =SAFRAS!A17 -> Fev | C14: =SAFRAS!B17 -> 0.875 | D14: =SAFRAS!C17 -> 0.79166667 | E14: =SAFRAS!D17 -> 0.73333333 | F14: =SAFRAS!E17 -> 0.70833333 | G14: =SAFRAS!F17 -> 0.66666667 | H14: =SAFRAS!G17 -> 0.65 | J14: Evasão M1 | K14: =IF(O14>=0,N13,N13+O14) -> 0.89132997 | L14: =IF(O14>=0,O14,0) -> 0 | M14: =IF(O14<0,-O14,0) -> 0.10867003 | N14: =N13+O14 -> 0.89132997 | O14: =$Z$51 -> -0.10867003
B15: =SAFRAS!A18 -> Mar | C15: =SAFRAS!B18 -> 0.9 | D15: =SAFRAS!C18 -> 0.8 | E15: =SAFRAS!D18 -> 0.76666667 | F15: =SAFRAS!E18 -> 0.73333333 | G15: =SAFRAS!F18 -> 0.7 | H15: =SAFRAS!G18 -> 0.66666667 | J15: Evasão M2 | K15: =IF(O15>=0,N14,N14+O15) -> 0.80719697 | L15: =IF(O15>=0,O15,0) -> 0 | M15: =IF(O15<0,-O15,0) -> 0.084132997 | N15: =N14+O15 -> 0.80719697 | O15: =$Z$52 -> -0.084132997
B16: =SAFRAS!A19 -> Abr | C16: =SAFRAS!B19 -> 0.90909091 | D16: =SAFRAS!C19 -> 0.81818182 | E16: =SAFRAS!D19 -> 0.77272727 | F16: =SAFRAS!E19 -> 0.72727273 | G16: =SAFRAS!F19 -> 0.68181818 | H16: =SAFRAS!G19 -> 0.63636364 | J16: Evasão M3 | K16: =IF(O16>=0,N15,N15+O16) -> 0.75841751 | L16: =IF(O16>=0,O16,0) -> 0 | M16: =IF(O16<0,-O16,0) -> 0.048779461 | N16: =N15+O16 -> 0.75841751 | O16: =$Z$53 -> -0.048779461
B17: =SAFRAS!A20 -> Mai | C17: =SAFRAS!B20 -> 0.88888889 | D17: =SAFRAS!C20 -> 0.83333333 | E17: =SAFRAS!D20 -> 0.77777778 | F17: =SAFRAS!E20 -> 0.75 | G17: =SAFRAS!F20 -> 0.72222222 | H17: =SAFRAS!G20 -> 0.69444444 | J17: Retidos M3 | K17: 0 | L17: =IF(O17>=0,O17,0) -> 0.75841751 | M17: =IF(O17<0,-O17,0) -> 0 | N17: =O17 -> 0.75841751 | O17: =$Z$54 -> 0.75841751
B18: =SAFRAS!A21 -> Jun | C18: =SAFRAS!B21 -> 0.925 | D18: =SAFRAS!C21 -> 0.85 | E18: =SAFRAS!D21 -> 0.8 | F18: =SAFRAS!E21 -> 0.775 | G18: =SAFRAS!F21 -> 0.75 | H18: =SAFRAS!G21
B25: MINI-SPARKLINES | H25: SPARK DE DECAIMENTO
B26: Indicador | C26: Atual | D26: S1 | E26: S2 | F26: S3 | G26: S4 | H26: Ponto | I26: Valor | J26: Spark
B27: M1 % | C27: =$Z$40*100 -> 89.132997 | D27: =SAFRAS!B16*100 -> 85 | E27: =SAFRAS!B17*100 -> 87.5 | F27: =SAFRAS!B18*100 -> 90 | G27: =SAFRAS!B19*100 -> 90.909091 | H27: M1 | I27: =$Z$40*100 -> 89.132997 | J27: =IF(OR(I27="",NOT(ISNUMBER(I27))),"",REPT("▬",MAX(1,ROUND((I27-(MIN(I27:I32)))/MAX(0.000000001,(MAX(I27:I32))-(MIN(I27:I32)))*10,0)))) -> ▬▬▬▬▬▬▬▬▬▬
B28: M3 % | C28: =AVERAGE(SAFRAS!D16:D21)*100 -> 75.841751 | D28: =SAFRAS!D16*100 -> 70 | E28: =SAFRAS!D17*100 -> 73.333333 | F28: =SAFRAS!D18*100 -> 76.666667 | G28: =SAFRAS!D19*100 -> 77.272727 | H28: M2 | I28: =AVERAGE(SAFRAS!C16:C21)*100 -> 80.719697 | J28: =IF(OR(I28="",NOT(ISNUMBER(I28))),"",REPT("▬",MAX(1,ROUND((I28-(MIN(I27:I32)))/MAX(0.000000001,(MAX(I27:I32))-(MIN(I27:I32)))*10,0)))) -> ▬▬▬▬▬▬▬
B29: M6 % | C29: =$Z$41*100 -> 64.549495 | D29: =SAFRAS!G16*100 -> 58 | E29: =SAFRAS!G17*100 -> 65 | F29: =SAFRAS!G18*100 -> 66.666667 | G29: =SAFRAS!G19*100 -> 63.636364 | H29: M3 | I29: =AVERAGE(SAFRAS!D16:D21)*100 -> 75.841751 | J29: =IF(OR(I29="",NOT(ISNUMBER(I29))),"",REPT("▬",MAX(1,ROUND((I29-(MIN(I27:I32)))/MAX(0.000000001,(MAX(I27:I32))-(MIN(I27:I32)))*10,0)))) -> ▬▬▬▬▬
H30: M4 | I30: =AVERAGE(SAFRAS!E16:E21)*100 -> 72.39899 | J30: =IF(OR(I30="",NOT(ISNUMBER(I30))),"",REPT("▬",MAX(1,ROUND((I30-(MIN(I27:I32)))/MAX(0.000000001,(MAX(I27:I32))-(MIN(I27:I32)))*10,0)))) -> ▬▬▬
H31: M5 | I31: =AVERAGE(SAFRAS!F16:F21)*100 -> 68.678451 | J31: =IF(OR(I31="",NOT(ISNUMBER(I31))),"",REPT("▬",MAX(1,ROUND((I31-(MIN(I27:I32)))/MAX(0.000000001,(MAX(I27:I32))-(MIN(I27:I32)))*10,0)))) -> ▬▬
H32: M6 | I32: =$Z$41*100 -> 64.549495 | J32: =IF(OR(I32="",NOT(ISNUMBER(I32))),"",REPT("▬",MAX(1,ROUND((I32-(MIN(I27:I32)))/MAX(0.000000001,(MAX(I27:I32))-(MIN(I27:I32)))*10,0)))) -> ▬
Z40: =AVERAGE(SAFRAS!B16:B21) -> 0.89132997
Z41: =AVERAGE(SAFRAS!G16:G21) -> 0.64549495
Z42: =INDEX(SAFRAS!A16:A21,MATCH(MAX(SAFRAS!B16:B21),SAFRAS!B16:B21,0)) -> Jun
Z43: =MAX(SAFRAS!B16:B21) -> 0.925
Z44: =1-Z40 -> 0.10867003
Z50: 1
Z51: =Z40-1 -> -0.10867003
Z52: =AVERAGE(SAFRAS!C16:C21)-Z40 -> -0.084132997
Z53: =AVERAGE(SAFRAS!D16:D21)-AVERAGE(SAFRAS!C16:C21) -> -0.048779461
Z54: =AVERAGE(SAFRAS!D16:D21) -> 0.75841751

Sheet SAFRAS
A1: TRUST EXCEL · TRUST CORPORATION
A2: Análise de Cohort
A3: Preencha a quantidade de clientes retidos em cada mês de vida
A5: Safra | B5: M0 (Inic.) | C5: M1 | D5: M2 | E5: M3 | F5: M4 | G5: M5 | H5: M6 | I5: M7 | J5: M8 | K5: M9 | L5: M10 | M5: M11 | N5: M12
A6: Jan | B6: 100 | C6: 85 | D6: 75 | E6: 70 | F6: 65 | G6: 60 | H6: 58 | I6: 55 | J6: 50 | K6: 48 | L6: 45 | M6: 45 | N6: 42
A7: Fev | B7: 120 | C7: 105 | D7: 95 | E7: 88 | F7: 85 | G7: 80 | H7: 78 | I7: 75 | J7: 70 | K7: 68 | L7: 65
A8: Mar | B8: 150 | C8: 135 | D8: 120 | E8: 115 | F8: 110 | G8: 105 | H8: 100 | I8: 95 | J8: 90
A9: Abr | B9: 110 | C9: 100 | D9: 90 | E9: 85 | F9: 80 | G9: 75 | H9: 70 | I9: 65
A10: Mai | B10: 180 | C10: 160 | D10: 150 | E10: 140 | F10: 135 | G10: 130 | H10: 125
A11: Jun | B11: 200 | C11: 185 | D11: 170 | E11: 160 | F11: 155 | G11: 150
A14: MATRIZ DE RETENÇÃO (%)
A15: Safra | B15: M1 | C15: M2 | D15: M3 | E15: M4 | F15: M5 | G15: M6 | H15: M7 | I15: M8 | J15: M9 | K15: M10 | L15: M11 | M15: M12
A16: Jan | B16: =IF(C6="","",IFERROR(C6/$B$6,0)) -> 0.85 | C16: =IF(D6="","",IFERROR(D6/$B$6,0)) -> 0.75 | D16: =IF(E6="","",IFERROR(E6/$B$6,0)) -> 0.7 | E16: =IF(F6="","",IFERROR(F6/$B$6,0)) -> 0.65 | F16: =IF(G6="","",IFERROR(G6/$B$6,0)) -> 0.6 | G16: =IF(H6="","",IFERROR(H6/$B$6,0)) -> 0.58 | H16: =IF(I6="","",IFERROR(I6/$B$6,0)) -> 0.55 | I16: =IF(J6="","",IFERROR(J6/$B$6,0)) -> 0.5 | ... M16: =IF(N6="","",IFERROR(N6/$B$6,0)) -> 0.42
A17: Fev | B17: =IF(C7="","",IFERROR(C7/$B$7,0)) -> 0.875 | C17: =IF(D7="","",IFERROR(D7/$B$7,0)) -> 0.79166667 | D17: =IF(E7="","",IFERROR(E7/$B$7,0)) -> 0.73333333 | E17: =IF(F7="","",IFERROR(F7/$B$7,0)) -> 0.70833333 | F17: =IF(G7="","",IFERROR(G7/$B$7,0)) -> 0.66666667 | G17: =IF(H7="","",IFERROR(H7/$B$7,0)) -> 0.65 | H17: =IF(I7="","",IFERROR(I7/$B$7,0)) -> 0.625 | I17: =IF(J7="","",IFERROR(J7/$B$7,0)) -> 0.58333333 | ... M17: =IF(N7="","",IFERROR(N7/$B$7,0))
A18: Mar | B18: =IF(C8="","",IFERROR(C8/$B$8,0)) -> 0.9 | C18: =IF(D8="","",IFERROR(D8/$B$8,0)) -> 0.8 | D18: =IF(E8="","",IFERROR(E8/$B$8,0)) -> 0.76666667 | E18: =IF(F8="","",IFERROR(F8/$B$8,0)) -> 0.73333333 | F18: =IF(G8="","",IFERROR(G8/$B$8,0)) -> 0.7 | G18: =IF(H8="","",IFERROR(H8/$B$8,0)) -> 0.66666667 | H18: =IF(I8="","",IFERROR(I8/$B$8,0)) -> 0.63333333 | I18: =IF(J8="","",IFERROR(J8/$B$8,0)) -> 0.6 | ... M18: =IF(N8="","",IFERROR(N8/$B$8,0))
A19: Abr | B19: =IF(C9="","",IFERROR(C9/$B$9,0)) -> 0.90909091 | C19: =IF(D9="","",IFERROR(D9/$B$9,0)) -> 0.81818182 | D19: =IF(E9="","",IFERROR(E9/$B$9,0)) -> 0.77272727 | E19: =IF(F9="","",IFERROR(F9/$B$9,0)) -> 0.72727273 | F19: =IF(G9="","",IFERROR(G9/$B$9,0)) -> 0.68181818 | G19: =IF(H9="","",IFERROR(H9/$B$9,0)) -> 0.63636364 | H19: =IF(I9="","",IFERROR(I9/$B$9,0)) -> 0.59090909 | I19: =IF(J9="","",IFERROR(J9/$B$9,0)) | ... M19: =IF(N9="","",IFERROR(N9/$B$9,0))
A20: Mai | B20: =IF(C10="","",IFERROR(C10/$B$10,0)) -> 0.88888889 | C20: =IF(D10="","",IFERROR(D10/$B$10,0)) -> 0.83333333 | D20: =IF(E10="","",IFERROR(E10/$B$10,0)) -> 0.77777778 | E20: =IF(F10="","",IFERROR(F10/$B$10,0)) -> 0.75 | F20: =IF(G10="","",IFERROR(G10/$B$10,0)) -> 0.72222222 | G20: =IF(H10="","",IFERROR(H10/$B$10,0)) -> 0.69444444 | H20: =IF(I10="","",IFERROR(I10/$B$10,0)) | I20: =IF(J10="","",IFERROR(J10/$B$10,0)) | ... M20: =IF(N10="","",IFERROR(N10/$B$10,0))
A21: Jun | B21: =IF(C11="","",IFERROR(C11/$B$11,0)) -> 0.925 | C21: =IF(D11="","",IFERROR(D11/$B$11,0)) -> 0.85 | D21: =IF(E11="","",IFERROR(E11/$B$11,0)) -> 0.8 | E21: =IF(F11="","",IFERROR(F11/$B$11,0)) -> 0.775 | F21: =IF(G11="","",IFERROR(G11/$B$11,0)) -> 0.75 | G21: =IF(H11="","",IFERROR(H11/$B$11,0)) | H21: =IF(I11="","",IFERROR(I11/$B$11,0)) | I21: =IF(J11="","",IFERROR(J11/$B$11,0)) | ... M21: =IF(N11="","",IFERROR(N11/$B$11,0))
